# path	purpose	owner/source URL	license	version/date	sha256	transformation	redistributable
src/demo/resources/textures/learnopengl/awesomeface.png	Demo texture	LearnOpenGL https://github.com/JoeyDeVries/LearnOpenGL/tree/master/resources/textures	CC-BY-NC-4.0	upstream master / 2026-07-18	5dc155999348fd0bdf8add6ffee11feb853dd2fcf556a97804a38301bd0bdb13	copied without transformation	yes
src/demo/resources/shaders/instancing/async-instanced.vert	Demo shader	Haikalat project	project license	v0.14	9a9bf192dafaf184ff93d69f71b22fda4879dfa2e3bf3363ded84f68eaceeb4c	project source	yes
src/demo/resources/shaders/basic/color-mvp.vert	Demo shader	Haikalat project	project license	v0.14	4869269f185cd9fd35af5dd1b97d002bb46d909d58a29e994dab62e28144cbe1	project source	yes
src/demo/resources/shaders/scene/color-scene.vert	Demo shader	Haikalat project	project license	v0.14	a73474c42dcc92151bd4d22e2c20754caa6db8ed49ebd8033b9b7daffcebb541	project source	yes
src/demo/resources/shaders/instancing/instanced-projview.vert	Demo shader	Haikalat project	project license	v0.14	69695d851e201a71ece774afb7a10e8e4936302eabfb882d2bf5597d4c53eb73	project source	yes
src/demo/resources/shaders/instancing/instanced-scene.vert	Demo shader	Haikalat project	project license	v0.14	20e60c25b2743302b1e89d35b56d5f8c9390f48f96fbfc303df38a7ccd0fcddf	project source	yes
src/demo/resources/scenes/configurations/learnopengl.properties	Demo scene manifest	Haikalat project	project license	v0.14	3bc12387810b9cf067bf7b12ebebd7a8db1a979a695cc34a3ad4a70672d643c3	project source	yes
src/demo/resources/shaders/scene/lit-scene.frag	Demo shader	Haikalat project	project license	v0.24.2 clustered / 2026-09-10	e8e74507cb5df0d4041df70dad2977c0037bc57eb968eebbdf855bbd4770d1bf	Migrated demo Phong shader to the unified clustered light table	yes
src/demo/resources/shaders/scene/model-scene.vert	Demo shader	Haikalat project	project license	v0.14	9fcf564030376afe1242e6bff9fe81e34d37fbb493516f77157e3f2e230fcc5b	project source	yes
src/demo/resources/models/obj/baseline-pyramid.obj	OBJ regression fixture	Haikalat project	project license	v0.14	c26a54b5649e416ce6f2309a74b43ff09e109786456e7a127b378f56460091b6	self-authored fixture	yes
src/demo/resources/shaders/basic/textured-mvp.vert	Demo shader	Haikalat project	project license	v0.14	66d92358e49b4ef683b758213ab3cd484eecd62adc44066d58d09f376d6ee81d	project source	yes
src/demo/resources/shaders/scene/textured-scene.vert	Demo shader	Haikalat project	project license	v0.14	5cdc408460522fa4272f5b13968f060de3675cbf8e98f96c4d1540cb13dd679e	project source	yes
src/demo/resources/shaders/basic/textured-unlit.frag	Demo shader	Haikalat project	project license	v0.14	d433957f9bf0a0f0ee6313018bffe5ff674fc62b73a2ebcf44b64e14d29e717d	project source	yes
src/demo/resources/shaders/basic/vertex-color-unlit.frag	Demo shader	Haikalat project	project license	v0.14	0816a90fd165c89c19fd178b6b705d7b235f24e05d3bcfb92dd3b984ccaf339e	project source	yes
src/demo/resources/scenes/gltf/animated-two-joint.gltf	glTF skinning regression fixture	Haikalat project	project license	Milestone 2 / 2026-07-25	4ef9033c64f499260352efced2955d1555b8440f32aec3eda8b183a77b5cc272	self-authored deterministic embedded-data fixture	yes
src/demo/resources/scenes/gltf/morph-shadow.gltf	glTF skin and Morph shadow regression fixture	Haikalat project	project license	v0.23.1 / 2026-08-19	ca47ad5685d2ec09ae7a13e8f92bc04ae3e8329abc7492cbd167eecbbf09524b	self-authored deterministic embedded-data fixture	yes
src/demo/resources/scenes/gltf/shadow-room.gltf	glTF indoor shadow receiver fixture	Haikalat project	project license	v0.23.1 / 2026-08-19	1d9656f1c2ea66598fe44e476214f65ee7300e550a2029b18c8b0ef93a609b58	self-authored deterministic embedded-data room fixture	yes
src/demo/resources/scenes/gltf/creeper.gltf	glTF Demo model	Project maintainer via Blockbench 5.1.4	project-maintainer redistribution grant	2026-07-19	ed38c0738fb66da7e6f69adc58156b3563989cdfda3c2edc294772888de3482c	user-provided embedded mesh and texture	yes
src/demo/resources/scenes/gltf/zombie.gltf	Animated glTF Demo model	Project maintainer via Blockbench 5.1.4	project-maintainer redistribution grant	2026-07-27	e9eb132a16bbfacaf4d02162b2b6d704440bf8550b307b60bb9c8c7d74a8f135	user-provided GeckoLib project exported as embedded glTF	yes
src/demo/resources/scenes/gltf/crouch_walk.glb	Animated glTF Demo model	Project maintainer via Blender glTF I/O	project-maintainer redistribution grant	2026-07-27	b51f906658536fddb901c2f589ac81ec777f7f482fd3e32146a821eb49298322	user-provided embedded GLB with split object actions; pixel-art minification corrected to NEAREST	yes
src/demo/resources/scenes/gltf/player_slie.gltf	Animated glTF Demo model	Project maintainer via Blockbench 5.1.4	project-maintainer redistribution grant	2026-07-28	e474bd5be0012752c64c89d0a8625cd18d8fcc87af9605dff0c631bcb49ce39d	user-provided self-contained embedded glTF with skin and animation2 playback	yes
src/demo/resources/scenes/gltf/player_wild/animation-library.json	External-animation Demo manifest	Haikalat project	project license	2026-08-04	a04324a4b5a5ce9373222b56f20145c1a7e90bf9fd623109dce3a1dc9dbb30e9	project-authored manifest for user-provided model and compact clips	yes
src/demo/resources/scenes/gltf/player_wild/serialized.scene.json	Serialized scene Demo descriptor	Haikalat project	project license	v0.21 M2 / 2026-08-06	b31f2cd08dcd9f4269b219f29a4093d2c44997f6d63b5ef4c7be82fad7725dfc	project-authored scene descriptor referencing player_wild	yes
src/demo/resources/scenes/gltf/player_wild/serialized.animation-graph.json	Serialized scene Animation Graph sidecar	Haikalat project	project license	v0.21 M3 / 2026-08-06	8181bbd3c33df725aabd9d0db0e74a07bf194bca0b50eff84187d9c5869a207b	project-authored typed graph sidecar	yes
src/demo/resources/scenes/gltf/player_wild/model/player_wild.gltf	External-animation Demo model	Project maintainer via Blockbench 5.1.6	project-maintainer redistribution grant	2026-08-04	7a5944d69ae64703dd9452864cb68e0294267f698c69659a6d1005c84785e2c7	user-provided embedded-buffer glTF; texture URI changed to steve.png	yes
src/demo/resources/scenes/gltf/player_wild/model/steve.png	External-animation Demo texture	Project maintainer	project-maintainer redistribution grant	2026-08-04	090da8d92c9f54fcbea87e6a2fb94125604a5a92a9ed6a52c10ee61c3b84bb79	user-provided PNG copied without transformation	yes
src/demo/resources/scenes/gltf/player_wild/animations/attack_light.animation.json	External-animation Demo clip	Project maintainer via haikalat_animation_tools	project-maintainer redistribution grant	2026-08-04	fb76814a9710dc0dcbbe87358097ea6a934f28f48940278f7fedd9f9438d72e0	user-provided compact animation JSON copied without transformation	yes
src/demo/resources/scenes/gltf/player_wild/animations/end_dash.animation.json	External-animation Demo clip	Project maintainer via haikalat_animation_tools	project-maintainer redistribution grant	2026-08-04	cb4b7123d08daab52b6315389e802f804cab8d825c46810467698f8361bf7fda	user-provided compact animation JSON copied without transformation	yes
src/demo/resources/scenes/gltf/player_wild/animations/idle_dash.animation.json	External-animation Demo clip	Project maintainer via haikalat_animation_tools	project-maintainer redistribution grant	2026-08-04	279bd6dccbb4b8465927d05e38948dcc37f6f08f3335d3a350a36a81a88fd485	user-provided compact animation JSON copied without transformation	yes
src/demo/resources/scenes/gltf/player_wild/animations/idle_default.animation.json	External-animation Demo clip	Project maintainer via haikalat_animation_tools	project-maintainer redistribution grant	2026-08-04	a0b6f87d17001f3f781e68bdf2366a9b9ba059763181e6ba1b3019b6b298a5f6	user-provided compact animation JSON copied without transformation	yes
src/demo/resources/scenes/gltf/player_wild/animations/idle_sword.animation.json	External-animation Demo clip	Project maintainer via haikalat_animation_tools	project-maintainer redistribution grant	2026-08-04	b0711d8b382e0d0fbb9d6fa647d3425dfb9764ff22fea8661d55013e8d2ffcbc	user-provided compact animation JSON copied without transformation	yes
src/demo/resources/scenes/gltf/player_wild/animations/move_default.animation.json	External-animation Demo clip	Project maintainer via haikalat_animation_tools	project-maintainer redistribution grant	2026-08-04	b3c9edfe4579317787d4fe766ce98e46292a2294e97dd87c077fd32055d75af5	user-provided compact animation JSON copied without transformation	yes
src/demo/resources/scenes/gltf/player_wild/animations/run_default.animation.json	External-animation Demo clip	Project maintainer via haikalat_animation_tools	project-maintainer redistribution grant	2026-08-04	41a28dbcead6e6f1fa98c8b1361d6440f31d35002d5c2cc2a08209cbd4a7aa04	user-provided compact animation JSON copied without transformation	yes
src/demo/resources/scenes/gltf/player_wild/animations/start_dash.animation.json	External-animation Demo clip	Project maintainer via haikalat_animation_tools	project-maintainer redistribution grant	2026-08-04	861691ad9581771c7d18766d5dc1d65b5129e52695627e08781897e103de8abd	user-provided compact animation JSON copied without transformation	yes
src/demo/resources/scenes/gltf/showcase.gltf	glTF regression fixture	Haikalat project	project license	v0.13 fixture / 2026-07-18	73d0da223125f7993900d567bf29b5fdd31e4e0dde5bc6d2eb2fbfbf3e0a34b1	self-authored embedded-data fixture	yes
src/demo/resources/scenes/gltf/scalability.gltf	glTF scalability fixture	Haikalat project	project license	v0.17 fixture / 2026-07-19	a551e64c964662e7ea31cf837e2e11f1b9e1037a36bbf1461e6ff1e8bbdc2916	self-authored deterministic embedded-data fixture	yes
src/demo/resources/environments/pbr/README.md	PBR asset notice	Haikalat project	project license	v0.14	71c6c3e0d6da6becfd45c9b1d6a526346fc3793cf9fbec450551e55b043af075	project documentation	yes
src/demo/resources/environments/pbr/studio-small.hdr	Deterministic PBR environment	Haikalat project	project license	v0.12 fixture	846da7b4d7807d6539560c9ceb79d6391224577bcf22b3e583515d84390d9190	self-authored 4x2 RGBE fixture	yes
src/demo/resources/scenes/gltf/radio.gltf	glTF Demo asset	Project maintainer; docs/licenses/radio-gltf.md	project-provided redistribution grant	2026-07-18	d94b3c152a76de4753e06633dfd3b96dda1d71cb16e8116c5b3a2a7c59d9ea2e	Blockbench 5.1.4 export	yes
src/demo/resources/ui/ui-demo.properties	UI Demo text	Haikalat project	project license	v0.14	64081cfd4eec83d86d015eca196c5725c6dc0140dba10532193f4f9873e6bca7	project source UTF-8	yes
src/demo/resources/textures/learnopengl/wall.png	Legacy Demo texture	Project maintainer	project-provided redistribution grant	pre-v0.14	f8a75cd56bfea6c88ff94d8ed3381278880c615ef43020bf726db8a595cae3a9	copied without transformation	yes
src/main/resources/shaders/postprocess/aces-tone-mapping.frag	Runtime shader	Haikalat project	project license	Milestone 2 / 2026-07-25	9d360f20f269a80d52bde84e092496bb9966dccf2b3bcd49d50a031d61d5ec24	project source	yes
src/main/resources/shaders/postprocess/bloom-downsample.frag	Runtime shader	Haikalat project	project license	v0.14	0ba4e078b14ecc1c31ed4634fc71ad9a115ecdf8007ade96ba09d5736d5d9fba	project source	yes
src/main/resources/shaders/postprocess/bloom-extract.frag	Runtime shader	Haikalat project	project license	v0.14	8e57788e542c561d7e51b99473e256392ad97c38fe7e4527e02682f3f5af9a26	project source	yes
src/main/resources/shaders/postprocess/bloom-upsample.frag	Runtime shader	Haikalat project	project license	v0.14	dc8124325658e0dd8b16888a905a99fa800618ab618c60d968b8ec0b888a0e25	project source	yes
src/main/resources/shaders/postprocess/distance-height-fog.frag	Runtime shader	Haikalat project	project license	Milestone 2 / 2026-07-25	25c71ab4c39dff9ee80870b2d8d71cc80381386cdfeb6c9453ab65bc6a113179	project source	yes
src/main/resources/shaders/postprocess/exposure-adaptation.frag	Runtime shader	Haikalat project	project license	v0.14	a0b1f7d1114ccd88281df056b807bbc4ba7feb15dbf0c840099c2b30fcec4f06	project source	yes
src/main/resources/shaders/postprocess/fxaa.frag	Runtime shader	Haikalat project	project license	v0.14	15be88e73615cf0812d91e4139279d43c61f369137cd4a6bf121b25b6b04476c	project source	yes
src/main/resources/shaders/postprocess/gtao-denoise.frag	Runtime shader	Haikalat project	project license	v0.24 repair / 2026-09-08	bbcb2f4656f5792aaa02608139cd9f530c13009e06e8335016f43b9ba69dd917	project source	yes
src/main/resources/shaders/postprocess/gtao-estimate.frag	Runtime shader	Haikalat project	project license	v0.24.3 inverse-projection sampling / 2026-09-23	1f9ef592dabcf2ef74ef799b80aab866310a579d1774027ef69c1fd442f701a2	project source	yes
src/main/resources/shaders/postprocess/gtao-quad.vert	Runtime shader	Haikalat project	project license	v0.23.2 / 2026-08-19	8da719e2645f3081bbb7194706be5dd637e3fe9e26f78c46e488d59fd6215681	project source	yes
src/main/resources/shaders/postprocess/gtao-temporal.frag	Runtime shader	Haikalat project	project license	v0.24 repair / 2026-09-08	c7d056bac8c3a56406184722a466fc2e36a2af5a4c53f39c6d2ddbae0daa987e	project source	yes
src/main/resources/shaders/postprocess/gtao-upsample.frag	Runtime shader	Haikalat project	project license	v0.24 repair / 2026-09-08	dd1520d26fe408c7c87b9df2ce148940c68bdee6d76c27bfb370a752b5acad45	project source	yes
src/main/resources/shaders/postprocess/log-luminance.frag	Runtime shader	Haikalat project	project license	v0.14	6d4ae6248f880f5bd1f79abb52f78806b476e8dc1b1f28db340afe4bf7fec40f	project source	yes
src/main/resources/shaders/postprocess/luminance-reduce.frag	Runtime shader	Haikalat project	project license	v0.14	9d968e6244a3d70504018cfb41c24b7c25266a729e08f8a714c40338a8fa9202	project source	yes
src/main/resources/shaders/postprocess/screen-quad.vert	Runtime shader	Haikalat project	project license	v0.14	0c2cd41af8ef899ac48ccbfd88a9a28705236a99b3da3732a00af5279a22a138	project source	yes
src/main/resources/shaders/postprocess/temporal-accumulation.frag	Runtime shader	Haikalat project	project license	v0.14	dca086a16f86575a5d4b64e37b24377b67d9b7b2ed6d316476826e2828286a3b	project source	yes
src/main/resources/shaders/postprocess/volumetric-light.frag	Runtime shader	Haikalat project	project license	Milestone 4 / 2026-07-25	f1ed4a6737787fdac68bb9fb563a221a51bf78728843d890e533da6206f0ccf6	project source	yes
src/main/resources/shaders/render3d/clustered/cluster-stats.comp	Runtime shader	Haikalat project	project license	v0.25.0 / 2026-10-04	2d43103571e3e41910028dfab1f243e5e2f45675ca3698696ea013022fd1ad93	Header reduction and GPU reset of persistent diagnostic counters	yes
src/main/resources/shaders/render3d/clustered/cluster-assign.comp	Runtime shader	Haikalat project	project license	v0.24.2 / 2026-09-10	e9582e87a63a80c22c0b8c2404c2bcdc1c6fe0d3752f94472c6793f20e1ea6c7	Deterministic inline cluster light lists, four clusters per workgroup with overflow headers	yes
src/main/resources/shaders/render3d/clustered/cluster-bounds.comp	Runtime shader	Haikalat project	project license	v0.24.2 / 2026-09-10	127efde867806540c416bb13149172d43a99ca201f3cf9df77c207a7ecd95540	View-space cluster AABBs with conservative jitter edge expansion	yes
src/main/resources/shaders/render3d/pbr/brdf-lut.comp	Runtime shader	Haikalat project	project license	v0.14	d8d6dc155d6b2737064a291c5419f299f975d63ba5d313bc369c7f1b10a36ba6	project source	yes
src/main/resources/shaders/render3d/pbr/environment-background.frag	Runtime shader	Haikalat project	project license	v0.14	474460126fe4ea8e8d0aaceedef8762efb13ae06e336c1d2c24775b2103901a1	project source	yes
src/main/resources/shaders/render3d/pbr/environment-background.vert	Runtime shader	Haikalat project	project license	v0.14	a2fa8856dd4ac06134cb85fa6817dab88ad70ac4d8d3743d5e874e5b319c948a	project source	yes
src/main/resources/shaders/render3d/pbr/equirect-to-cube.comp	Runtime shader	Haikalat project	project license	v0.14	e2fa17741618d6d65e89ea0c050a3fc2f130806788fea0c1a34fcb6a935c64eb	project source	yes
src/main/resources/shaders/render3d/pbr/irradiance.comp	Runtime shader	Haikalat project	project license	v0.14	5db1d09094ed163e3a4068fa7d17130d7d03ce4064c884e70a505c00c0a49190	project source	yes
src/main/resources/shaders/render3d/pbr/pbr-forward.frag	Runtime shader	Haikalat project	project license	v0.25.0 / 2026-10-03	5bd012e63b5f8cb0a9839c8b7c4826a8cef5ddaccc6e4f90d0f0f40d5f6e1acf	Original material shading plus compile-time own-depth volumetric fog contract	yes
src/main/resources/shaders/render3d/pbr/pbr-forward.vert	Runtime shader	Haikalat project	project license	v0.23 / 2026-08-18	c7428edf51f190b0bd3207c67cbec6185e6f39124cc12737ceef4c51f9773377	project source with Morph-before-skin and CSM outputs	yes
src/main/resources/shaders/render3d/pbr/prefilter.comp	Runtime shader	Haikalat project	project license	v0.14	f41c79d6417db1827a5b51ae679a2932bbe1b15217964a802febef6f411236ef	project source	yes
src/main/resources/shaders/render3d/gtao/gtao-depth.frag	Runtime shader	Haikalat project	project license	v0.23.2 / 2026-08-19	ba3e07c0fd02de4d58e9a9c64e787b31c1916b32a8941e7d71d613b0eb582bc9	project source	yes
src/main/resources/shaders/render3d/gtao/gtao-depth.vert	Runtime shader	Haikalat project	project license	v0.23.2 / 2026-08-19	a43abfc4ae2b7510bf5711353240ab037bcf65341ee2ca8bd8e5cfc449882082	project source	yes
src/main/resources/shaders/render3d/gtao/gtao-instanced-depth.vert	Runtime shader	Haikalat project	project license	v0.23.2 / 2026-08-19	fe3cc91e8f6f3b0c3b7d8823f0b1b31aaf849a807321c5dd3251389970c5b469	project source	yes
src/main/resources/shaders/render3d/gtao/gtao-masked-depth.frag	Runtime shader	Haikalat project	project license	v0.23.2 / 2026-08-19	3b4b55200810165ce1f8bc3ea50ec739b87bc9b2beb736898cfb11c020c2372f	project source	yes
src/main/resources/shaders/render3d/gtao/gtao-masked-depth.vert	Runtime shader	Haikalat project	project license	v0.23.2 / 2026-08-19	895db6ad635abe160c8c670fac8123fa66a75bd6f277f295e7af766b05befb16	project source	yes
src/main/resources/shaders/render3d/preview/preview.frag	Runtime shader	Haikalat project	project license	v0.17.1	41499ecf01c77ddfdb3874e37be26ced64a25a899b7bbab7989350effbf58c8f	project source	yes
src/main/resources/shaders/render3d/preview/preview.vert	Runtime shader	Haikalat project	project license	v0.17.1	6b5df82040888060f340726a05d9419bb2e29ad3f44fe3f10bd5633c3f607abd	project source	yes
src/main/resources/shaders/render3d/vfx/gpu-particle.comp	Runtime shader	Haikalat project	project license	Milestone 4 / 2026-07-25	debcb7cca263e69b96cb9b1d8ee5e532b4d965b6a9d724b148d97f1390b55c8b	project source	yes
src/main/resources/shaders/render3d/vfx/gpu-particle.frag	Runtime shader	Haikalat project	project license	Milestone 4 / 2026-07-25	45406ea37e7b48a6bfb178b63db8a8adfeb7a34cabc5ea85fd6e8da31a19731e	project source	yes
src/main/resources/shaders/render3d/vfx/gpu-particle.geom	Runtime shader	Haikalat project	project license	Milestone 4 / 2026-07-25	e3e03e204a41c30d4efa1a0991c97b4176e50f8b9cbe528cef5159bdc5b23adf	project source	yes
src/main/resources/shaders/render3d/vfx/gpu-particle.vert	Runtime shader	Haikalat project	project license	Milestone 4 / 2026-07-25	28ce36c372885c923a9317c3cc74fe9da86cdabde4ef8dad8f25327c52450e64	project source	yes
src/main/resources/shaders/render3d/vfx/vfx.frag	Runtime shader	Haikalat project	project license	v0.25.0 / 2026-10-03	c98eac22e2150cee29b539a0b3a1fbef9a57d4cdcbd283995f0b194fd47b9d3b	Original material shading plus compile-time own-depth volumetric fog contract	yes
src/main/resources/shaders/render3d/vfx/vfx.vert	Runtime shader	Haikalat project	project license	v0.18.2 / 2026-07-26	b28e1b94c0fe66abf2a8683219e170952709d98cd9aefe93d204c19f29ee4ef2	project source	yes
src/main/resources/shaders/shadows/directional-depth.frag	Runtime shader	Haikalat project	project license	v0.14	dda6e324c1f5d0d527eff418ea8089e63859237a9169c9425d73e6ae449e3384	project source	yes
src/main/resources/shaders/shadows/directional-depth.vert	Runtime shader	Haikalat project	project license	v0.18.3 / 2026-07-27	2b6ec09928ad6cc7dbd33800e08f6321d3c5136b221db31f40991e557b32bd7a	project source with Morph-before-skin	yes
src/main/resources/shaders/shadows/instanced-directional-depth.vert	Runtime shader	Haikalat project	project license	v0.14	5c3b3351180b1a200e95b32fba780917ed95e5cdd5f73c50c5e470746c608da8	project source	yes
src/main/resources/shaders/shadows/masked-directional-depth.frag	Runtime shader	Haikalat project	project license	v0.23 / 2026-08-18	36e668f48c308bff06f28b0af799530c5c59153c21954fde1544850acf0efc13	project source with alpha cutoff	yes
src/main/resources/shaders/shadows/masked-directional-depth.vert	Runtime shader	Haikalat project	project license	v0.23 / 2026-08-18	bb5399a3fef096d9b77664363256f26850f8ef624adef466e3763dde8c3f5b30	project source with UV, skin and morph inputs	yes
src/main/resources/text/fonts/FONT-MANIFEST.md	Font provenance notice	Haikalat project	project license	v0.19.4	c46ffe08be97d6892ef1f0b63c77be4192eec254a42dbd2d8aa3de7754e7d167	project documentation	yes
src/main/resources/text/fonts/JetBrainsMono-OFL.txt	JetBrains Mono copyright and license	JetBrains Mono 2.304 distribution	OFL-1.1	2.304	60d55f23c6ce05a81099a762cb67ca2c9b6ea251c7912720998b4c89ebfd4faa	upstream distribution notice with trailing whitespace normalized	yes
src/main/resources/text/fonts/JetBrainsMono-Regular.ttf	Monospace UI font	JetBrains/JetBrainsMono https://github.com/JetBrains/JetBrainsMono	OFL-1.1	2.304	a0bf60ef0f83c5ed4d7a75d45838548b1f6873372dfac88f71804491898d138f	upstream static TTF copied without transformation	yes
src/main/resources/text/fonts/NotoSansSC-VF.ttf	Default Latin/CJK UI font	notofonts/noto-cjk https://github.com/notofonts/noto-cjk/releases/tag/Sans2.004	OFL-1.1	Sans2.004	763146584cf0710223441356b4395e279021b0806c196614377a7a0174ae074a	upstream full variable TTF	yes
src/main/resources/text/fonts/OFL-1.1.txt	Bundled font license	SIL Open Font License	OFL-1.1	1.1	cefed81abcf7781b777eb2cd1cdfaf6bb98f43722a40e38b71ad758ecf5ca1df	verbatim license text	yes
src/main/resources/text/fonts/unifont-17.0.05.otf	Fallback UI font	Unifoundry https://unifoundry.com/unifont/	OFL-1.1	17.0.05	85701ab9b1e251ee16f4df00b13f22eac311d72b7dab427a7d975fe7f5064702	upstream full OTF	yes
src/main/resources/shaders/ui/ui.frag	Runtime shader	Haikalat project	project license	v0.19.4	f7c719d794b92670659e34f5fe731ccef40a20e44a64888deeec130fb199b15d	project source	yes
src/main/resources/shaders/ui/ui.vert	Runtime shader	Haikalat project	project license	v0.14	8b2809137cc7a31576d3482ab621c790269b284c2d3ef4da0e550b8d57c351f2	project source	yes
src/main/resources/shaders/render3d/stylized-sky.frag	Runtime shader	Haikalat project	project license	v0.24.0 / 2026-09-08	cfde54335a218ca178d1e73bff97a3de78bc35a463ef53352074ceb50e324b46	project source	yes
src/main/resources/shaders/render3d/pbr/stylized-sky-ibl.comp	Runtime shader	Haikalat project	project license	v0.24.0 / 2026-09-08	b7beb1e3ca6d253518f3b42a3c27dee9b697257dab06c83bb5da9b5e38697907	project source	yes
src/main/resources/shaders/postprocess/scene-surface-resolve.frag	Runtime shader	Haikalat project	project license	v0.24.1 / 2026-09-09	d7ff367dec3cf1ce26c6ec021d89b30d8ac7a11522e4dc616049454ad3fed1b7	project source	yes
src/main/resources/shaders/postprocess/taa-resolve.frag	Runtime shader	Haikalat project	project license	v0.24.1 / 2026-09-09	6202957aa2fafbaa678c863ab3a739e9a1e45d50b9abff2f43f8af586bc363c9	project source	yes
src/main/resources/shaders/render3d/surface/scene-reactive.frag	Runtime shader	Haikalat project	project license	v0.24.1 / 2026-09-09	b9fccce8f0fd2eae8af4667d58f842bf5361a698078263d6ef06d14b2b8cc534	project source	yes
src/main/resources/shaders/render3d/surface/scene-surface-instanced.vert	Runtime shader	Haikalat project	project license	v0.24.1 / 2026-09-09	5c1873fbd2d8742fc58d6807ae8caa852f073622feb256cb5d5e037aa41aa6e2	project source	yes
src/main/resources/shaders/render3d/surface/scene-surface.frag	Runtime shader	Haikalat project	project license	v0.24.1 / 2026-09-09	ee3edae9bb3276e1d2120f0526aba168a2ab74a7cbc0d1d8272f57dc77386ef6	project source	yes
src/main/resources/shaders/render3d/surface/scene-surface.vert	Runtime shader	Haikalat project	project license	v0.24.1 / 2026-09-09	5349cc4c300108ec5e9c63f5ebbc8ff11bebf026cf13645cc1c8b05f80640d98	project source	yes
src/main/resources/shaders/render3d/volumetric/composite.frag	Runtime shader	Haikalat project	project license	v0.25.0 / 2026-10-03	269f8bf5c8e630defac4e5fba6c8b3be4cd4a0e033239cab07ffce78c9d80736	Finite froxel medium, shared lighting, prefix transport and own-depth HDR composition	yes
src/main/resources/shaders/render3d/volumetric/integrate.comp	Runtime shader	Haikalat project	project license	v0.25.0 / 2026-10-03	a72d014d7897da951341f9ddae8f5f0b6476985b3572875c150f0e6b9021fd87	Finite froxel medium, shared lighting, prefix transport and own-depth HDR composition	yes
src/main/resources/shaders/render3d/volumetric/medium.comp	Runtime shader	Haikalat project	project license	v0.25.0 / 2026-10-03	2e8097351a01357782f8107f93e42bf8d46b3f7186be3b5acf0eab64dcb03827	Finite froxel medium, shared lighting, prefix transport and own-depth HDR composition	yes
src/main/resources/shaders/render3d/volumetric/reactive.frag	Runtime shader	Haikalat project	project license	v0.25.0 / 2026-10-03	9d6f35b237b6efae7aa782628810cc9c561d96e6c7740b21dc9c4d59c16f664d	Finite froxel medium, shared lighting, prefix transport and own-depth HDR composition	yes
src/main/resources/shaders/render3d/volumetric/source.comp	Runtime shader	Haikalat project	project license	v0.25.0 / 2026-10-03	aa848f5e6ceeb36cda5662353b2ba218b39921b9dc13ec75c9108ef2eeb66a85	Finite froxel medium, shared lighting, prefix transport and own-depth HDR composition	yes
src/main/resources/shaders/render3d/volumetric/surface-guide.comp	Runtime shader	Haikalat project	project license	v0.25.0 / 2026-10-03	1247338e306e81a95a2a6124d332498c643e6ba308c23d879828667f517ea680	Finite froxel medium, shared lighting, prefix transport and own-depth HDR composition	yes
src/main/resources/shaders/render3d/volumetric/temporal.comp	Runtime shader	Haikalat project	project license	v0.25.0 / 2026-10-03	d60a02ead303aba6d115e325416078dc8460bd1e36a9d1e3d2f043b433dec063	Finite froxel medium, shared lighting, prefix transport and own-depth HDR composition	yes
src/main/resources/shaders/render3d/volumetric/volume-common.glsl	Runtime shader	Haikalat project	project license	v0.25.0 / 2026-10-03	c9b90dad4a0bf83f96fb57d59717d5fab3a73b4d05197be16e40278b29b49cfe	Finite froxel medium, shared lighting, prefix transport and own-depth HDR composition	yes
src/main/resources/shaders/render3d/volumetric/volume-fine.glsl	Runtime shader	Haikalat project	project license	v0.25.0 / 2026-10-03	24d25967487ce409ce470cc8bb94dd7f55a9af04584105a4edc9a6108ae88fe8	Finite froxel medium, shared lighting, prefix transport and own-depth HDR composition	yes
src/main/resources/shaders/render3d/volumetric/volume-lighting.glsl	Runtime shader	Haikalat project	project license	v0.25.0 / 2026-10-03	4da15cfbd4894f621eeca572c8ffc185ead4005db5ed5cbc6dd97a429d716b99	Finite froxel medium, shared lighting, prefix transport and own-depth HDR composition	yes
src/main/resources/shaders/render3d/volumetric/volume-medium.glsl	Runtime shader	Haikalat project	project license	v0.25.0 / 2026-10-03	e2ec29b3a400621f8bdcffe840bbc4d26920dae1b188a4dfb590c435e2bebdee	Finite froxel medium, shared lighting, prefix transport and own-depth HDR composition	yes
src/main/resources/shaders/render3d/volumetric/volume-native-reactive.glsl	Runtime shader	Haikalat project	project license	v0.25.0 / 2026-10-03	6ab8c23397a6d75e4024b63d3a471b993839dc715c560f0a3ae777e062b2acd8	Finite froxel medium, shared lighting, prefix transport and own-depth HDR composition	yes
src/main/resources/shaders/render3d/volumetric/volume-noise.glsl	Runtime shader	Haikalat project	project license	v0.25.0 / 2026-10-03	e9ebd08048ec79b4d18e2188ce59022719d1b54a7ef8ae2dd08692cec7542b52	Finite froxel medium, shared lighting, prefix transport and own-depth HDR composition	yes
src/main/resources/shaders/render3d/volumetric/volume-query.glsl	Runtime shader	Haikalat project	project license	v0.25.0 / 2026-10-03	266b81fac232a4fb2b76333799361b8434e3a04be1b2b076d088de642c5798e4	Finite froxel medium, shared lighting, prefix transport and own-depth HDR composition	yes
src/main/resources/shaders/render3d/volumetric/volume-reactive.glsl	Runtime shader	Haikalat project	project license	v0.25.0 / 2026-10-03	2f832c315654b865cf420054bad71584a600d0f8adaf73f2d29656e11e8f1a50	Finite froxel medium, shared lighting, prefix transport and own-depth HDR composition	yes
src/main/resources/shaders/render3d/volumetric/volume-surface.glsl	Runtime shader	Haikalat project	project license	v0.25.0 / 2026-10-03	9519ca20b88a4ebe979e6175c06fda78f809785b64b665c1b28aafee82b1050b	Finite froxel medium, shared lighting, prefix transport and own-depth HDR composition	yes
src/demo/resources/shaders/reference/volumetric-raymarch.comp	Demo-only independent FP32 full-ray quality reference	Haikalat project	project license	v0.25.0 / 2026-10-03	0ea3c2e4ac9bce0cbb02eb795086223d99a3e1642fc5b2e45644e20692e1678f	Separate medium evaluation and ray quadrature; shared light units and allocated shadow definition	yes
