# vendor regex	renderer/driver regex	severity	source	type	message id	allowed test/task regex	message regex	rationale	owner	added date	expiry/review date	max count
NVIDIA Corporation	NVIDIA.*	MEDIUM	API	PERFORMANCE	131218	.*OutdoorEnvironmentGlTest.*	Program/shader state performance warning: (?:Vertex|Geometry) shader in program \d+ is being recompiled based on GL state(?:\.|, and was not found in the disk cache)	Nine migrated sky/physical-volume profile contexts, at most two cold specializations per context; correctness only. No GL errors or general renderer messages are exempted.	render3d/volume-profile-cold	2026-10-07	2027-04-07	18
.*	.*	HIGH	APPLICATION	ERROR	99999	.*DiagnosticsContractsGlTest.*	must-survive	Synthetic message-ring retention contract; never emitted by production rendering.	diagnostics	2026-07-21	2027-07-21	1
NVIDIA Corporation	NVIDIA.*	MEDIUM	API	PERFORMANCE	131218	.*(GpuEffectsGlTest|LocalShadowsGlTest|RenderPipelineGlTest|PostProcessEffectsGlTest|SceneVisibilityGlTest|UiPipelineMatrixGlTest).*	Program/shader state performance warning: (?:Vertex|Geometry) shader in program \d+ is being recompiled based on GL state(?:\.|, and was not found in the disk cache)	NVIDIA legal shader-state specialization in the explicit program/state matrix.	rendering	2026-07-21	2027-01-21	96
NVIDIA Corporation	NVIDIA.*	MEDIUM	API	PERFORMANCE	131218	.*(runDemo(?:Resize)?Integration|runBloomIntegration|runAutoExposureIntegration|runDiagnostics(?:Resize)?Integration|runPreviewIntegration|runPreviewBenchmarks).*	Program/shader state performance warning: Vertex shader in program \d+ is being recompiled based on GL state(?:\.|, and was not found in the disk cache)	NVIDIA legal shader-state specialization during deterministic LearnOpenGl pipeline warmup, bounded for the five-round preview matrix.	rendering	2026-07-21	2027-01-21	120
NVIDIA Corporation	NVIDIA.*	MEDIUM	API	PERFORMANCE	131218	.*(runLocalShadowsIntegration|runPbr(?:Resize|Compatibility)?Integration|runPostProcessEffectsIntegration|runGltf(?:Resize|Skinning)?Integration|run(?:Zombie|CrouchWalk|PlayerSlie|PlayerWild)Integration|runGltfSceneScalability(?:Resize|Motion)?Integration|runSceneSubmissionAllocationIntegration|runShowcase(?:Stability|VfxMsaa|VfxAutoExposure)?Integration|runShowcasePerformanceBaseline).*	Program/shader state performance warning: (?:Vertex|Geometry) shader in program \d+ is being recompiled based on GL state(?:\.|, and was not found in the disk cache)	NVIDIA legal shader-state specialization during deterministic PBR, glTF or combined showcase warmup.	rendering	2026-07-21	2027-01-21	64
NVIDIA Corporation	NVIDIA.*	MEDIUM	API	PERFORMANCE	131218	.*(runMinimalIntegration|runAsyncIntegration|runStress(?:Triangle|Quad|Cube|IndexedCube|IndexedSsboCube)Integration).*	Program/shader state performance warning: Vertex shader in program \d+ is being recompiled based on GL state(?:\.|, and was not found in the disk cache)	NVIDIA legal shader-state specialization during a registered minimal, async or stress pipeline warmup.	rendering	2026-07-21	2027-01-21	32
NVIDIA Corporation	NVIDIA.*	MEDIUM	API	PERFORMANCE	131154	.*(UiDemoGlTest|GraphPreviewGlTest|runUi.*Integration|runModernUiIntegration|runMarkdownTextIntegration|runGltfSceneScalabilityResizeIntegration).*	(?:Pixel-path performance warning: )?Pixel transfer is synchronized with 3D rendering.*	Intentional correctness readback outside benchmark measurement windows.	ui/diagnostics	2026-07-21	2027-01-21	64
NVIDIA Corporation	NVIDIA.*	MEDIUM	API	PERFORMANCE	131218	.*runTextBenchmarks.*	Program/shader state performance warning: Vertex shader in program \d+ is being recompiled based on GL state(?:\.|, and was not found in the disk cache)	NVIDIA legal shader-state specialization during the text-effect matrix cold setup, before measured stable frames.	text/rendering	2026-08-09	2027-02-09	120
NVIDIA Corporation	NVIDIA.*	MEDIUM	API	PERFORMANCE	131218	.*runRender3dV023Integration.*	Program/shader state performance warning: Vertex shader in program \d+ is being recompiled based on GL state(?:\.|, and was not found in the disk cache)	NVIDIA legal shader-state specialization during the bounded v0.23 PBR queue, CSM and depth-resolve cold setup.	rendering	2026-08-18	2027-02-18	4
NVIDIA Corporation	NVIDIA.*	MEDIUM	API	PERFORMANCE	131218	.*(runRender3dShadowBudgetIntegration|runRender3dDynamicShadowIntegration).*	Program/shader state performance warning: Vertex shader in program \d+ is being recompiled based on GL state(?:\.|, and was not found in the disk cache)	NVIDIA legal shader-state specialization during the bounded v0.23.4 glTF, multi-atlas, culling and cache cold setup.	render3d/shadows	2026-08-22	2027-02-22	16
NVIDIA Corporation	NVIDIA.*	MEDIUM	API	PERFORMANCE	131218	.*(runRender3dShadow(?:Budget|Legacy)Performance(?:1080p|4k)|runRender3dShadowCullingBenchmarks).*	Program/shader state performance warning: Vertex shader in program \d+ is being recompiled based on GL state(?:\.|, and was not found in the disk cache)	NVIDIA legal shader-state specialization before the measured static v0.23.4 shadow-culling window.	render3d/performance	2026-08-22	2027-02-22	16
NVIDIA Corporation	NVIDIA.*	MEDIUM	API	PERFORMANCE	131218	.*runRender3dGtaoIntegration.*	Program/shader state performance warning: Vertex shader in program \d+ is being recompiled based on GL state(?:\.|, and was not found in the disk cache)	NVIDIA legal shader-state specialization during the bounded v0.23.2 GTAO depth and postprocess warmup.	render3d/gtao	2026-08-20	2027-02-20	12
NVIDIA Corporation	NVIDIA.*	MEDIUM	API	PERFORMANCE	131218	.*runRender3dGtaoBenchmarks.*	Program/shader state performance warning: Vertex shader in program \d+ is being recompiled based on GL state(?:\.|, and was not found in the disk cache)	NVIDIA legal shader-state specialization for the explicit enabled/disabled cold-start comparison (up to three rounds per mode and two benchmark sizes).	render3d/gtao-benchmark	2026-08-20	2027-02-20	72
NVIDIA Corporation	NVIDIA.*	MEDIUM	API	PERFORMANCE	131218	.*GtaoShaderGlTest.*	Program/shader state performance warning: Vertex shader in program \d+ is being recompiled based on GL state(?:\.|, and was not found in the disk cache)	NVIDIA legal shader-state specialization during the bounded GTAO pixel A/B and anti-aliasing combination smoke test.	rendering/gtao	2026-08-20	2027-02-20	12
NVIDIA Corporation	NVIDIA.*	MEDIUM	API	PERFORMANCE	131154	.*runRender3d((ForestMorning|ForestDusk|TownNight)(Baseline|FogOffBaseline|BloomOffBaseline|GrayModelBaseline)|VolumetricProfileUiSmoke).*	(?:Pixel-path performance warning: )?Pixel transfer is synchronized with 3D rendering.*	At most three PNG and three linear HDR readbacks in an offline baseline run; no performance samples are collected.	render3d/visual-baseline	2026-09-23	2027-03-23	6
NVIDIA Corporation	NVIDIA.*	MEDIUM	API	PERFORMANCE	131218	.*runRender3dTownNight(Baseline|FogOffBaseline|BloomOffBaseline|GrayModelBaseline).*	Program/shader state performance warning: Vertex shader in program \d+ is being recompiled based on GL state(?:\.|, and was not found in the disk cache)	NVIDIA legal shader-state specialization during the deterministic clustered-town baseline warmup.	render3d/visual-baseline-shader	2026-09-23	2027-03-23	8
NVIDIA Corporation	NVIDIA.*	MEDIUM	API	PERFORMANCE	131154	.*runRender3d(Town(LightCount|Overflow|ShadowSlot)Diagnostic).*	(?:Pixel-path performance warning: )?Pixel transfer is synchronized with 3D rendering.*	At most nine declared offline diagnostic readbacks, outside all measured GPU windows.	render3d/visual-diagnostics	2026-09-23	2027-03-23	9
NVIDIA Corporation	NVIDIA.*	MEDIUM	API	PERFORMANCE	131218	.*runRender3dTown(LightCount|Overflow|ShadowSlot)Diagnostic.*	Program/shader state performance warning: Vertex shader in program \d+ is being recompiled based on GL state(?:\.|, and was not found in the disk cache)	Bounded NVIDIA shader-state specialization during clustered-town debug-view warmup.	render3d/visual-diagnostics-shader	2026-09-23	2027-03-23	8
NVIDIA Corporation	NVIDIA.*	MEDIUM	API	PERFORMANCE	131218	.*(runRender3dTemporalBenchmarks|runRender3dTemporalDemoIntegration|runRender3dTemporalQuality).*	Program/shader state performance warning: Vertex shader in program \d+ is being recompiled based on GL state(?:\.|, and was not found in the disk cache)	NVIDIA legal shader-state specialization during the temporal A/B cold-start comparison and demo warmup.	render3d/temporal-benchmark	2026-09-09	2027-03-09	72
NVIDIA Corporation	NVIDIA.*	MEDIUM	API	PERFORMANCE	131186	.*(ClusterAssignmentGlTest|runRender3dClusteredIntegration).*	Buffer performance warning: Buffer object .* is being copied/moved from VIDEO memory to HOST memory.*	Intentional cluster header/index readback compared against an independent CPU oracle outside the measured render path.	render3d/clustered	2026-09-10	2027-03-10	64
NVIDIA Corporation	NVIDIA.*	MEDIUM	API	PERFORMANCE	131218	.*runRender3dClustered(Demo|Town|Stress|Overflow)?Integration.*	Program/shader state performance warning: (?:Vertex|Geometry) shader in program \d+ is being recompiled based on GL state(?:\.|, and was not found in the disk cache)	NVIDIA legal shader-state specialization during the clustered-forward demo warmup.	render3d/clustered	2026-09-10	2027-03-10	64
NVIDIA Corporation	NVIDIA.*	MEDIUM	API	PERFORMANCE	131218	.*runRender3dClusteredBenchmarks.*	Program/shader state performance warning: (?:Vertex|Geometry) shader in program \d+ is being recompiled based on GL state(?:\.|, and was not found in the disk cache)	NVIDIA legal shader-state specialization before the measured clustered benchmark windows.	render3d/clustered	2026-09-10	2027-03-10	256
NVIDIA Corporation	NVIDIA.*	MEDIUM	API	PERFORMANCE	131218	.*runRender3dClusteredQuality.*	Program/shader state performance warning: (?:Vertex|Geometry) shader in program \d+ is being recompiled based on GL state(?:\.|, and was not found in the disk cache)	NVIDIA legal shader-state specialization during the TAA night-town quality warmup.	render3d/clustered	2026-09-10	2027-03-10	32
NVIDIA Corporation	NVIDIA.*	MEDIUM	API	PERFORMANCE	131154	.*runRender3dClusteredQuality.*	(?:Pixel-path performance warning: )?Pixel transfer is synchronized with 3D rendering.*	Two deterministic quality passes with three declared capture frames each; readback is outside any performance measurement.	render3d/clustered	2026-09-10	2027-03-10	8
NVIDIA Corporation	NVIDIA.*	MEDIUM	API	PERFORMANCE	131154	.*runRender3dClusteredDemoCapture.*	(?:Pixel-path performance warning: )?Pixel transfer is synchronized with 3D rendering.*	Two declared capture-smoke frames; readback is outside any performance measurement.	render3d/clustered	2026-09-10	2027-03-10	2
NVIDIA Corporation	NVIDIA.*	MEDIUM	API	PERFORMANCE	131218	.*runRender3dClusteredDemoCapture.*	Program/shader state performance warning: (?:Vertex|Geometry) shader in program \d+ is being recompiled based on GL state(?:\.|, and was not found in the disk cache)	NVIDIA legal shader-state specialization during the capture-smoke warmup.	render3d/clustered	2026-09-10	2027-03-10	8
NVIDIA Corporation	NVIDIA.*	MEDIUM	API	PERFORMANCE	131218	.*runRender3dVolumetricFog(Quality|Benchmarks|CpuAttribution).*	Program/shader state performance warning: (?:Vertex|Geometry) shader in program \d+ is being recompiled based on GL state(?:\.|, and was not found in the disk cache)	Bounded shader specialization during four-scene reference setup or round-major fog on/off warmup; no GL correctness messages are exempted.	render3d/volume-warmup	2026-10-03	2027-04-03	192
NVIDIA Corporation	NVIDIA.*	MEDIUM	API	PERFORMANCE	131186	.*runRender3dVolumetricFogQualityTemporal.*	Buffer performance warning: Buffer object .* is being copied/moved from VIDEO memory to HOST memory.*	One explicit counter-buffer snapshot per captured frame: four scenes times seven sequences times 36 declared captures. Diagnostic only; no formal benchmark allowance.	render3d/volume-temporal-readback	2026-10-04	2027-04-04	1008
NVIDIA Corporation	NVIDIA.*	MEDIUM	API	PERFORMANCE	131154	.*runRender3dVolumetricFogQualityTemporal.*	(?:Pixel-path performance warning: )?Pixel transfer is synchronized with 3D rendering.*	1008 declared HDR captures plus four scenes times four TAA sequences times 193 native R8 captures. Diagnostic only; no formal benchmark allowance.	render3d/volume-temporal-readback	2026-10-04	2027-04-04	4096
NVIDIA Corporation	NVIDIA.*	MEDIUM	API	PERFORMANCE	131186	.*runRender3dVolumetricFogQuality.*	Buffer performance warning: Buffer object .* is being copied/moved from VIDEO memory to HOST memory.*	Explicit FP32 reference and sparse diagnostic reads at declared quality frames, outside all performance measurements.	render3d/volume-quality-readback	2026-10-03	2027-04-03	160
NVIDIA Corporation	NVIDIA.*	MEDIUM	API	PERFORMANCE	131154	.*runRender3dVolumetricFogQuality.*	(?:Pixel-path performance warning: )?Pixel transfer is synchronized with 3D rendering.*	Bounded reference-buffer snapshots and HDR capture at declared quality frames only; no readback inside formal benchmarks.	render3d/volume-quality-readback	2026-10-03	2027-04-03	160
NVIDIA Corporation	NVIDIA.*	MEDIUM	API	PERFORMANCE	131218	.*VolumetricLifecycleSoakGlTest.*	Program/shader state performance warning: (?:Vertex|Geometry) shader in program \d+ is being recompiled based on GL state(?:\.|, and was not found in the disk cache)	Two NONE/TAA volume pipelines cold setup; resize reuses programs. No performance samples are collected.	render3d/volume-lifecycle-soak	2026-10-04	2027-04-04	8
NVIDIA Corporation	NVIDIA.*	MEDIUM	API	PERFORMANCE	131186	.*VolumetricLifecycleSoakGlTest.*	Buffer performance warning: Buffer object GlBuffer target=36663 \(bound to NONE, usage hint is GL_DYNAMIC_DRAW\) is being copied/moved from VIDEO memory to HOST memory\.	Exactly 200 explicit diagnostic snapshot staging-buffer reads at 100 lifecycle events; producer SSBO migration remains unauthorized. No performance measurements.	render3d/volume-lifecycle-soak-staging	2026-10-04	2027-04-04	200
NVIDIA Corporation	NVIDIA.*	MEDIUM	API	PERFORMANCE	131218	.*VolumetricWindGlTest.*	Program/shader state performance warning: (?:Vertex|Geometry) shader in program \d+ is being recompiled based on GL state(?:\.|, and was not found in the disk cache)	At most two cold specialization messages for each of six physical-wind/history renderer contexts; correctness only.	render3d/volume-wind-cold	2026-10-05	2027-04-05	12
NVIDIA Corporation	NVIDIA.*	MEDIUM	API	PERFORMANCE	131186	.*VolumetricWindGlTest.*	Buffer performance warning: Buffer object GlBuffer target=36663 \(bound to NONE, usage hint is GL_DYNAMIC_DRAW\) is being copied/moved from VIDEO memory to HOST memory\.	Exactly 13 explicit counter snapshots in each of six renderer sequences; only temporary COPY_WRITE staging, never production SSBO migration or performance samples.	render3d/volume-wind-staging	2026-10-05	2027-04-05	78
NVIDIA Corporation	NVIDIA.*	MEDIUM	API	PERFORMANCE	131218	.*VolumetricTownLampGlTest.*	Program/shader state performance warning: (?:Vertex|Geometry) shader in program \d+ is being recompiled based on GL state(?:\.|, and was not found in the disk cache)	Three actual town-geometry contexts; at most two cold shader specializations each. No performance samples.	render3d/volume-town-cold	2026-10-06	2027-04-06	6
NVIDIA Corporation	NVIDIA.*	MEDIUM	API	PERFORMANCE	131186	.*VolumetricTownLampGlTest.*	Buffer performance warning: Buffer object GlBuffer target=36663 \(bound to NONE, usage hint is GL_DYNAMIC_DRAW\) is being copied/moved from VIDEO memory to HOST memory\.	One explicit counter snapshot for each of three caster/control cases. Only temporary COPY_WRITE staging; no production SSBO migration.	render3d/volume-town-staging	2026-10-06	2027-04-06	3
